{
  "stage": "decompose",
  "n_gaussians": 2405519,
  "iterations": 7000,
  "pbr_iteration": 3000,
  "image_wh": [
    1047,
    1408
  ],
  "albedo": {
    "min": 0.028801314532756805,
    "max": 0.9838130474090576,
    "nan": 0,
    "inf": 0
  },
  "albedo_std": 0.23470117151737213,
  "rough": {
    "min": 0.039915308356285095,
    "max": 0.9618909955024719,
    "nan": 0,
    "inf": 0
  },
  "normal_unit_err": 1.1920928955078125e-07,
  "psnr_heldout_db": 21.572,
  "psnr_heldout_masked_db": 21.573,
  "test_views": 26,
  "wall_time_s": 411.1,
  "normal_smooth": {
    "iters": 2,
    "knn": 8,
    "local_coherence_before": 0.5787300083306737,
    "local_coherence_after": 0.9222108655531234,
    "mean_normal_norm_before": 0.2039640202508113,
    "mean_normal_norm_after": 0.3931143895280539,
    "over_smooth_coh_ceiling": 0.985,
    "over_smooth_suspect": false
  },
  "train_base_psnr_db": 21.682,
  "min_psnr_drop": 1.5,
  "budget_ok": true
}