{
  "stage": "export",
  "schema_version": 1,
  "n_gaussians": 2405519,
  "decompose_mode": true,
  "albedo": {
    "min": 0.0288008451461792,
    "max": 0.9838144183158875,
    "nan": 0,
    "inf": 0
  },
  "normal_unit_err": 2.384185791015625e-07,
  "rough": {
    "min": 0.03990549594163895,
    "max": 0.9618956446647644,
    "nan": 0,
    "inf": 0
  },
  "trans": 0.0,
  "label": 2,
  "any_nan": false,
  "prune": {
    "enabled": false,
    "n_before": 2405519,
    "n_after": 2405519,
    "n_pruned": 0,
    "n_by_opacity": 0,
    "n_by_scale": 0,
    "n_by_isolation": 0,
    "params": {
      "prune_opacity": 0.0,
      "prune_scale_std": null,
      "prune_isolation_std": null,
      "isolation_k": 4
    }
  },
  "ring_normal_dot_up": 1.0,
  "alignment": {
    "enabled": true,
    "sparse": "/home/lukas/splatworld/assets/raw/pxl_144634/colmap/dense/sparse_txt",
    "ring_normal_dot_up": 1.0,
    "ring_normal_godot": [
      -4.6007382274799535e-09,
      1.0,
      -1.5687963314998635e-09
    ],
    "up_camera_disagreement_deg": 43.54943227231908,
    "alignment_suspect": true,
    "method": "plane_fit",
    "confidence": 0.7204081475546501,
    "plane_residual_rms": 0.3601734940084199,
    "up_colmap": [
      0.5115411216151446,
      -0.573641844801526,
      -0.639734878515641
    ],
    "mean_camera_up_colmap": [
      -0.009115896311914496,
      -0.9601746926224214,
      -0.27925160712495256
    ],
    "n_cameras": 204,
    "singular_values": [
      49.545010920036844,
      18.399343234238923,
      5.144306458638676
    ]
  },
  "env_sidecar": "asset_env_sh.json"
}