{
  "stage": "export",
  "schema_version": 1,
  "n_gaussians": 2075806,
  "albedo": {
    "min": 0.0,
    "max": 1.6583443880081177,
    "nan": 0,
    "inf": 0
  },
  "normal_unit_err": 1.1920928955078125e-07,
  "rough": 0.6,
  "trans": 0.0,
  "label": 2,
  "any_nan": false
}